timestamp,open,high,low,close,volume
1789887600000,80319.33,80424.44,80308.27,80354.23,0.43686165
1789891200000,80375.99,80434.51,80171.31,80302.16,0.60699995
1789894800000,80292.81,80562.01,80271.22,80445.46,0.53171954
1789898400000,80414.65,80430.93,80310.63,80327.62,1.14202241
1789902000000,80343.86,80530.81,80315.52,80454.95,1.14872646
1789905600000,80450.57,80516.08,80339.48,80511.42,1.21339383
1789909200000,80551.59,80674.51,80452.94,80674.51,0.85842308
1789912800000,80675.99,80848.8,80433.87,80848.8,0.79537877
1789916400000,80848.8,80938.62,80663.35,80893.14,1.25762395
1789920000000,80901.02,81464.89,80901.02,81302.18,1.74498744
1789923600000,81295.73,81439.83,81038.85,81114.86,1.40242598
1789927200000,81123.39,81260.86,81011.66,81043.7,1.02025325
1789930800000,81117.59,81288,81065.91,81194.05,0.68164452
1789934400000,81203.78,81216.73,81081.98,81091.34,0.90333529
1789938000000,81089.67,81089.67,80490.98,81009.89,2.16064285
1789941600000,80982.59,81291.37,80982.59,81172.43,2.62198778
1789945200000,81169.65,81270.96,81137.85,81210.2,0.90673927
1789948800000,81194.91,81835.88,81194.9,81618.76,1.93732669
1789952400000,81662.95,82087.78,80895.29,81193.93,6.25375129
1789956000000,81176.73,81503.04,81147.14,81452.42,2.36216838
1789959600000,81423.21,81580.54,81379.68,81379.89,0.8686165
1789963200000,81369.14,81448.8,81267.84,81388.89,0.65202084
1789966800000,81349.46,81788.93,81336.19,81576.56,1.61485526
1789970400000,81551.38,81876.26,81429.11,81649.59,3.39838006
1789974000000,81632.1,81806.93,81482.24,81806.93,1.27150372
1789977600000,81866.12,84163.81,81849.55,83799.04,6.50089393
1789981200000,83834.99,85314.86,83834.99,84601.05,8.27177837
1789984800000,84643.94,84780.37,84148.99,84417.34,3.13665593
1789988400000,84500,84927.17,84493.24,84927.17,2.2570734
1789992000000,84870.78,85429.34,84836.66,85273.38,6.19795716
1789995600000,85280.51,85831.76,84805.42,85458.05,7.25172575
1789999200000,85472.53,86129.29,85079.55,85857.9,5.16288491
1790002800000,85826.35,86359.35,85809.84,85916.95,3.43729317
1790006400000,85924.07,86100,85611.85,85977.54,3.16600091
1790010000000,85979.73,86100,85686.8,85809.76,5.82164576
1790013600000,85914.09,86088.74,85783.29,86010.75,1.03800025
1790017200000,86047.26,86881.81,85995.84,86516.45,5.17306185
1790020800000,86569.49,87398.95,86514.01,87016.73,5.86445473
1790024400000,86908.78,86908.78,86564.73,86633.67,2.50876444
1790028000000,86572.62,86731.28,86311.72,86473.89,1.41588755
1790031600000,86478.88,86699.08,86380.63,86616.83,0.89173295
1790035200000,86567.14,86567.14,85905.55,85912.14,2.40014239
1790038800000,85915.08,85915.08,85408.22,85570.59,1.91082474
1790042400000,85677.38,85847.12,85383.83,85740.85,1.37390373
1790046000000,85723.57,85738.85,85334.32,85684.65,1.3384061
1790049600000,85657.83,85709.27,85380.1,85391.38,1.81136421
1790053200000,85414.4,85550.81,85188.82,85443.52,0.64761343
1790056800000,85405.86,85524.31,85293.34,85327.08,0.57114637
1790060400000,85352.63,85502.76,85161.33,85389.22,1.36055829
1790064000000,85403.33,86297.9,85331.41,86201.56,1.73442297
1790067600000,86139.16,86237.07,85691.19,86237.07,1.38756215
1790071200000,86081.62,86126.21,85800.95,85897.88,0.87957941
1790074800000,85921.07,86125.7,85772.95,86013.08,1.66023874
1790078400000,85925.04,86139.96,85792.7,86004.6,1.16021841
1790082000000,86137.39,86344.72,85604.85,86343.35,7.66072688
1790085600000,86314.67,86492.46,85485.24,86225.25,3.27992446
1790089200000,86206.78,86691.69,86143.4,86449.61,1.81780944
1790092800000,86488.16,86594.78,86086.99,86428.97,3.47423293
1790096400000,86419.56,86673.98,86305.46,86540.53,5.97169602
1790100000000,86573.61,86627.3,86269.97,86480.03,1.26139236
1790103600000,86471.37,86579.15,86145.32,86212.45,3.87800094
1790107200000,86130.32,86364.5,86130.32,86303.8,1.54021911
1790110800000,86305.28,86305.44,86195,86223.63,1.02958281
1790114400000,86223.61,86280.03,85993.97,86129.55,2.31512564
1790118000000,86162.85,86472.52,86086.75,86164.91,2.6080711
1790121600000,86165.76,86558.11,86140.98,86500.53,1.69438089
1790125200000,86500.52,86822.97,86198,86364.36,3.19726612
1790128800000,86302.87,86603.03,86264.04,86465.37,0.91609027
1790132400000,86457.24,86941.51,86457.24,86695.55,1.32336301
1790136000000,86652.63,87291.13,86637.39,87168.06,4.41616342
1790139600000,87168.06,87168.06,86463.26,86502.54,4.6264906
1790143200000,86470.17,86598.86,86431.8,86459.11,1.28129004
1790146800000,86366.18,86438.17,86000,86172.18,1.22971253
1790150400000,86198.34,86268.72,85705.29,85930.65,1.82908643
1790154000000,85913.97,86033.84,85763,85889.52,1.932428
1790157600000,85827.04,85943.63,85673.32,85938.38,1.5593454
1790161200000,85950.42,85950.42,85446.91,85689.23,1.16262942
1790164800000,85626.21,85626.21,85282.08,85507.09,1.81640012
1790168400000,85468,85920.75,85295.55,85920.75,3.58086347
1790172000000,85939.24,85939.24,83894.42,84521.6,12.74762891
1790175600000,84521.62,84767.03,83976.04,83992.24,7.14952566
1790179200000,83979.23,84331.95,83546.76,84046.01,4.09919354
1790182800000,84021.02,84386.3,83720.43,84321.79,3.96825493
1790186400000,84322.49,84391.8,84120.97,84309.6,2.337311
1790190000000,84345.4,84553.9,84212,84508.6,2.0432175
1790193600000,84500.2,84550.33,84218.2,84278.88,1.578864
1790197200000,84288.4,84509.14,84208.3,84446.35,0.7791159
1790200800000,84400.1,84673.25,84370.3,84558.99,0.55297547
1790204400000,84532.7,84566.89,84364.6,84403.2,0.76901698
1790208000000,84429.01,84480.5,84246.19,84358.77,0.79764003
1790211600000,84367.02,84450.91,84088.86,84102.73,1.41129692
1790215200000,84082.52,84428.7,83784.8,84428.7,0.99996188
1790218800000,84440.4,84440.4,83868.68,83879.6,0.65050006
1790222400000,83906.04,84047,83763.75,84047,1.44485649
1790226000000,84151.7,84335.12,83951.81,84000.2,0.40507683
1790229600000,83984.5,84215.85,83964.5,84062.06,0.40822238
1790233200000,84060.1,84591.74,83941.6,84501.03,2.49357527
1790236800000,84583.17,84583.17,83287.18,83645.7,5.80256161
1790240400000,83650.5,83716.9,82886.32,83226.8,3.3682986
1790244000000,83268.6,83564.36,83150.1,83564.36,3.26273305
1790247600000,83570.01,83590.6,83402.6,83499.34,1.22444149
1790251200000,83462,83651.58,83339.7,83628.9,0.67933138
1790254800000,83627.4,84322.3,83627.4,84226.31,2.69165576
1790258400000,84225.9,84896.8,83392.9,83668.8,4.65995292
1790262000000,83597.23,84455.93,83474.81,84375.41,2.72204167
1790265600000,84322.99,84913,84086.99,84426.15,2.25089757
1790269200000,84458.94,84503.1,84018.79,84092.01,1.86803283
1790272800000,84035.78,84517.9,83935.11,84484.68,0.99200838
1790276400000,84455.4,84647.49,84290.42,84414.69,2.3990729
1790280000000,84394.29,84459.77,84207.2,84367.26,1.95176434
1790283600000,84389.85,84512.97,84323.9,84323.9,0.67353409
1790287200000,84338.3,84354.69,83953.44,84302.37,1.58375618
1790290800000,84359.31,84468.3,84280.76,84412.88,0.9108369
1790294400000,84491.13,84703.17,84491.13,84675.63,1.87647607
1790298000000,84705.11,84790.75,84388.69,84599.15,1.29349956
1790301600000,84563.28,84842.83,84202.64,84202.64,1.69426872
1790305200000,84198.76,84375.5,84096.5,84182.26,0.96506571
1790308800000,84192.26,84261.35,84092.81,84229.76,1.58037079
1790312400000,84223.9,84307.89,84100.42,84197.06,0.96838737
1790316000000,84196.95,84242.41,83970,84020.1,0.56648532
1790319600000,83999.28,84148.16,83746.16,84148.16,0.97950966
1790323200000,84126.48,84548.76,84068.89,84548.76,0.50604088
1790326800000,84550,84852.89,84550,84554.47,0.96245624
1790330400000,84509.75,85059.36,84397.45,85051.2,1.324653
1790334000000,85025.89,85233,84591.21,84603.53,3.96294613
1790337600000,84588.3,84703.73,83952.34,84487,4.27254403
1790341200000,84470.45,84570.04,83595.03,84021.48,3.92629946
1790344800000,83936.47,84047.04,83222.76,84025.78,8.14247889
1790348400000,84015.61,84061.54,83397.44,83812.18,2.24007454
1790352000000,83836.43,84111.7,83738.99,83748.69,3.12220681
1790355600000,83782.29,83964.12,83633.61,83790.19,2.40907672
1790359200000,83838.97,84066.82,83824.52,83953.73,1.0460087
1790362800000,83945.2,84050.59,83941.44,84027.47,0.75447422
1790366400000,84016.33,84175.89,83851.86,83879.89,0.67283579
1790370000000,83892.96,83898.1,83554.06,83785.4,1.34946117
1790373600000,83821.59,84116.24,83821.59,84098.01,0.4648126
1790377200000,84100.62,84101.72,84031.39,84101.72,0.23826874
1790380800000,84101.7,84120.81,83814.21,83907.7,0.73310848
1790384400000,83917.62,84093.92,83912.28,84089.32,1.10818901
1790388000000,84089.33,84130.86,84009.85,84022.88,4.48235576
1790391600000,84005.75,84038.86,83936.67,83951.41,0.24996258
1790395200000,84008.92,84045.93,83864.61,83990.84,0.65101276
1790398800000,84006.98,84012,83903.55,83933.51,0.53324306
1790402400000,83926.44,83959.12,83876.18,83922.51,0.73153134
1790406000000,83959.13,84116.56,83959.13,84093.32,0.6769892
1790409600000,84107.72,84331.53,84036.48,84216.76,1.37602978
1790413200000,84213.33,84214.27,83980.33,84026.77,0.60104651
1790416800000,84050.71,84194.74,84050.71,84178.52,0.63043221
1790420400000,84151.08,84212.55,84148.91,84173.6,0.23334762
1790424000000,84173.84,84211.94,84068,84087.57,0.21051626
1790427600000,84106.45,84107.1,83859.36,83932.45,1.37116052
1790431200000,83941.26,84049.72,83941.24,84045.99,0.47185476
1790434800000,84040.44,84171.56,84040.04,84148.96,0.76394045
1790438400000,84147.83,84176.68,84099.91,84123.68,0.58274055
1790442000000,84111.37,84143.26,84064.62,84124.71,0.35476759
1790445600000,84144.24,84174.75,83991.72,84019.57,0.33145643
1790449200000,84049.98,84064.05,84008.73,84024.83,0.18694897
1790452800000,84027.66,84084.12,83824.79,84027.21,0.34922451
1790456400000,84058.51,84266.92,84058.51,84179.55,0.69448742
1790460000000,84267.71,84400,84266.55,84331.88,0.37557117
1790463600000,84351.16,84450.02,84321.21,84413.47,1.33224994
1790467200000,84413.42,84413.42,84257.49,84287.35,0.15426854
1790470800000,84290.69,84554.6,84290.69,84466.67,1.61580012
1790474400000,84466.67,84519.44,84430.13,84450,0.29804675
1790478000000,84457.83,84492.16,84369.3,84390.16,0.53148999
1790481600000,84396.97,84486.43,84283.46,84315.28,0.23724349
1790485200000,84303.68,84610.55,84301.99,84488.31,1.62577208
1790488800000,84491.06,84630.68,84490.69,84537.62,0.76612674
1790492400000,84534.08,84791.77,84489.22,84748.45,1.07396886
1790496000000,84746.71,84865.69,84703.84,84778.14,0.50434303
1790499600000,84757.78,84950.03,84596.24,84913.49,0.7119516
1790503200000,84923.74,85040,84834.37,84839,0.50723245
1790506800000,84870.21,84937.25,84837.71,84897.25,0.66858394
1790510400000,84899.86,84996.43,84756.76,84756.76,0.31446983
1790514000000,84710.54,85177.7,84659.56,84883.67,1.41042706
1790517600000,84968.33,84968.33,84516.48,84572.01,0.33900434
1790521200000,84526.76,84626.72,84381.54,84485.43,0.46541695
1790524800000,84498.35,84631.43,84408.45,84427.51,0.9787215
1790528400000,84362.13,84575.36,84349.8,84575.36,0.71205812
1790532000000,84557.43,84794.92,84555.73,84714.52,1.66215787
1790535600000,84825.49,84837.94,84714.87,84751.25,0.17265284
1790539200000,84692.3,84692.3,84554.58,84602.4,0.15058314
1790542800000,84636.84,84699.36,84453.18,84624.81,0.66796407
1790546400000,84485.99,84533.65,84190.67,84221.73,0.91803988
1790550000000,84125.43,84526.93,84125.43,84457.6,0.49462738
1790553600000,84457.6,84979.53,84069.72,84083.8,0.7735346
1790557200000,84101.67,84231.05,83580.01,83580.01,3.14195464
1790560800000,83570.33,83779.94,83401.54,83471.6,2.21792668
1790564400000,83527.92,83527.92,83229.21,83354.16,2.20344754
1790568000000,83296.54,83542.57,83282.71,83542.57,0.86168049
1790571600000,83464.25,83464.25,82644.22,83203.62,4.48892868
1790575200000,83159.99,83315.33,83083.02,83175.76,0.44972814
1790578800000,83190.68,83190.68,82948.91,82961.57,0.60244281
1790582400000,82949.39,83146.62,82840.25,83003.08,1.2365664
1790586000000,82985.89,82985.89,82623.04,82669.38,2.76640716
1790589600000,82748.59,83061.65,82688.2,83048.76,3.42677182
1790593200000,83034.61,83109.24,82981.89,83034.02,1.07688676
1790596800000,83086.16,83616.15,83086.16,83501.42,1.56277737
1790600400000,83397.16,83825.63,83354.76,83447.25,1.08115821
1790604000000,83468.5,83556.68,82546.94,83015.29,2.31038453
1790607600000,82972.08,83391.62,82841.13,83391.62,2.01990863
1790611200000,83360.6,84106.99,83326,83692.49,1.58822132
1790614800000,83605.1,84347.67,83561.52,83890.92,1.20379415
1790618400000,83943.18,84053.6,83850,83889.08,0.70799279
1790622000000,83829.24,83829.24,83117.06,83432.35,2.50020846
1790625600000,83422.01,83568.94,83317.07,83547.89,1.79240371
1790629200000,83569.94,83651.22,83206.7,83223.43,4.59208151
1790632800000,83159.97,83539,83096.55,83539,2.03092178
1790636400000,83565.19,83616.52,83468.2,83486.88,0.63074049
1790640000000,83520.09,83610.56,83140.84,83140.84,2.302018
1790643600000,83100.09,83213.15,82811.12,82990.72,1.08978795
1790647200000,82979.48,83052.75,82917.88,83007.52,0.44803286
1790650800000,82987.31,83156.68,82873.49,83045.96,0.21126803
1790654400000,83055.25,83301.03,83048.02,83301.03,0.22970364
1790658000000,83280.02,83409.45,82946.77,83409.45,0.97637639
1790661600000,83464.46,83999.5,83440.43,83958.36,0.17324977
1790665200000,84026,84172.06,83938.12,84008.67,0.25487261
1790668800000,84026.62,84338.31,83819.89,83838.32,0.20895774
1790672400000,83813.2,84310.83,83754.41,84248.35,0.69937217
1790676000000,84163.21,84300.31,83992.44,84056.87,0.53110272
1790679600000,84037.7,84448.57,84002.71,84384.29,0.37028725
1790683200000,84396.63,84396.63,84228.52,84318.6,0.24015651
1790686800000,84375.07,84543.48,84047.72,84068.65,0.56972445
1790690400000,84011.89,84071.27,83684.22,83684.22,0.63147597
1790694000000,83710.72,83710.72,82939.7,83074.93,1.11647543
1790697600000,83074.94,83297.51,82941.88,83136.37,0.80411474
1790701200000,83121.65,83195.2,83086.82,83195.2,0.35417327
1790704800000,83182.23,83651.35,83182.23,83611.96,0.41185398
1790708400000,83560.24,83614.56,83467.94,83543.83,0.2892629
1790712000000,83531.41,83657.04,83531.41,83595.44,0.32837197
1790715600000,83596.7,83611.08,83363.08,83611.08,1.91018882
1790719200000,83690.74,83690.74,83529.65,83615.59,2.42676372
1790722800000,83621.59,83838.43,83621.59,83662.42,2.27476406
1790726400000,83679.26,83712.88,83361.16,83409.52,2.74921009
1790730000000,83415.78,83520.8,83342.99,83450.78,2.00487247
1790733600000,83462.51,83598.55,83278.14,83386.18,1.17037466
1790737200000,83378.7,83379,83183,83325.05,0.71030654
1790740800000,83370.8,83414.54,83222.78,83231.44,0.41901064
1790744400000,83247.2,83522.25,83183,83363.2,0.52283772
1790748000000,83380.33,83380.33,82983,83010.78,0.90482694
1790751600000,82983,83440.59,82969.88,83297.4,1.4736798
1790755200000,83250.84,83353.76,82933.19,83114.08,2.63829751
1790758800000,83133.08,83802.75,83133.08,83662.24,0.77925636
1790762400000,83686.37,83933.37,83665.93,83847.07,1.07005853
1790766000000,83827.86,83948.7,83755.81,83914.86,0.40747607
1790769600000,83912.01,85510,83814.87,85184.97,9.14761964
1790773200000,85237.68,85618.68,84096.5,84615.05,2.96710572
1790776800000,84498.19,84498.54,83380.9,83793.88,3.96487118
1790780400000,83816.52,84296.55,83702.94,84188.8,2.4134123
1790784000000,84250.88,84433.82,84250.88,84303.38,0.82398169
